"Name","DirectoryName"
"??? ???.png","D:\?????? ???? ??\sevennight_guild_web\asset\?? ??\?? ???"
"? ????? ?? ???.png","D:\?????? ???? ??\sevennight_guild_web\asset\?? ??\?? ???"
"? ????? ??? ??.png","D:\?????? ???? ??\sevennight_guild_web\asset\?? ??\?? ???"
"??? ???.png","D:\?????? ???? ??\sevennight_guild_web\asset\?? ??\?? ???"
"??? ???.png","D:\?????? ???? ??\sevennight_guild_web\asset\?? ??\?? ???"
"??? ???.png","D:\?????? ???? ??\sevennight_guild_web\asset\?? ??\?? ???"
"??? ?? ??? ??.png","D:\?????? ???? ??\sevennight_guild_web\asset\?? ??\?? ???"
"??? ?? ???.png","D:\?????? ???? ??\sevennight_guild_web\asset\?? ??\?? ???"
"???? ??? ??.png","D:\?????? ???? ??\sevennight_guild_web\asset\?? ??\?? ???"
"? ??? ?? ??? ??.png","D:\?????? ???? ??\sevennight_guild_web\asset\?? ??\?? ???"
"??? ???.png","D:\?????? ???? ??\sevennight_guild_web\asset\?? ??\?? ???"
"??? ?? ??(????? ??? ?? ??).txt","D:\?????? ???? ??\sevennight_guild_web\asset\?? ??\?? ???"
"???_???.webp","D:\?????? ???? ??\sevennight_guild_web\asset\?? ??\??\??????(???? ???)\???(???)"
"??? ??.png","D:\?????? ???? ??\sevennight_guild_web\asset\?? ??\??\??????(???? ???)\???(???)\skills"
"?? ???.png","D:\?????? ???? ??\sevennight_guild_web\asset\?? ??\??\??????(???? ???)\???(???)\skills"
"?? ??.png","D:\?????? ???? ??\sevennight_guild_web\asset\?? ??\??\??????(???? ???)\???(???)\skills"
"???.png","D:\?????? ???? ??\sevennight_guild_web\asset\?? ??\??\??????(???? ???)\???(???)\skills"
"???.json","D:\?????? ???? ??\sevennight_guild_web\asset\?? ??\??\??????(???? ???)\???(???)\skills"
"???_???.png","D:\?????? ???? ??\sevennight_guild_web\asset\?? ??\??\??????(???? ???)\???(???)"
"?? ??.png","D:\?????? ???? ??\sevennight_guild_web\asset\?? ??\??\??????(???? ???)\???(???)\skills"
"?? ??.png","D:\?????? ???? ??\sevennight_guild_web\asset\?? ??\??\??????(???? ???)\???(???)\skills"
"???.json","D:\?????? ???? ??\sevennight_guild_web\asset\?? ??\??\??????(???? ???)\???(???)\skills"
"??? ??.png","D:\?????? ???? ??\sevennight_guild_web\asset\?? ??\??\??????(???? ???)\???(???)\skills"
"?? ??.png","D:\?????? ???? ??\sevennight_guild_web\asset\?? ??\??\??????(???? ???)\???(???)\skills"
"???_???.png","D:\?????? ???? ??\sevennight_guild_web\asset\?? ??\??\??????(???? ???)\???(???)"
"???? ??.png","D:\?????? ???? ??\sevennight_guild_web\asset\?? ??\??\??????(???? ???)\???(???)\skills"
"?? ??.png","D:\?????? ???? ??\sevennight_guild_web\asset\?? ??\??\??????(???? ???)\???(???)\skills"
"???.json","D:\?????? ???? ??\sevennight_guild_web\asset\?? ??\??\??????(???? ???)\???(???)\skills"
"??? ??.png","D:\?????? ???? ??\sevennight_guild_web\asset\?? ??\??\??????(???? ???)\???(???)\skills"
"??? ??.png","D:\?????? ???? ??\sevennight_guild_web\asset\?? ??\??\??????(???? ???)\???(???)\skills"
"???_???.png","D:\?????? ???? ??\sevennight_guild_web\asset\?? ??\??\??????(???? ???)\???(???)"
"??.png","D:\?????? ???? ??\sevennight_guild_web\asset\?? ??\??\??????(???? ???)\???(???)\skills"
"?? ??.png","D:\?????? ???? ??\sevennight_guild_web\asset\?? ??\??\??????(???? ???)\???(???)\skills"
"?? ??.png","D:\?????? ???? ??\sevennight_guild_web\asset\?? ??\??\??????(???? ???)\???(???)\skills"
"??.png","D:\?????? ???? ??\sevennight_guild_web\asset\?? ??\??\??????(???? ???)\???(???)\skills"
"???.json","D:\?????? ???? ??\sevennight_guild_web\asset\?? ??\??\??????(???? ???)\???(???)\skills"
"??_???.png","D:\?????? ???? ??\sevennight_guild_web\asset\?? ??\??? ??\(?)??\??(???)"
"?? ??.png","D:\?????? ???? ??\sevennight_guild_web\asset\?? ??\??? ??\(?)??\??(???)\skills"
"??.json","D:\?????? ???? ??\sevennight_guild_web\asset\?? ??\??? ??\(?)??\??(???)\skills"
"??? ??.png","D:\?????? ???? ??\sevennight_guild_web\asset\?? ??\??? ??\(?)??\??(???)\skills"
"??? ??.png","D:\?????? ???? ??\sevennight_guild_web\asset\?? ??\??? ??\(?)??\??(???)\skills"
"??.png","D:\?????? ???? ??\sevennight_guild_web\asset\?? ??\??? ??\(?)??\??(???)\skills"
"???_???.png","D:\?????? ???? ??\sevennight_guild_web\asset\?? ??\??? ??\(?)??\???(???)"
"??? ??.png","D:\?????? ???? ??\sevennight_guild_web\asset\?? ??\??? ??\(?)??\???(???)\skills"
"?? ??.png","D:\?????? ???? ??\sevennight_guild_web\asset\?? ??\??? ??\(?)??\???(???)\skills"
"??? ??.png","D:\?????? ???? ??\sevennight_guild_web\asset\?? ??\??? ??\(?)??\???(???)\skills"
"???.json","D:\?????? ???? ??\sevennight_guild_web\asset\?? ??\??? ??\(?)??\???(???)\skills"
"??? ??.png","D:\?????? ???? ??\sevennight_guild_web\asset\?? ??\??? ??\(?)??\???(???)\skills"
"??_???.png","D:\?????? ???? ??\sevennight_guild_web\asset\?? ??\??? ??\(?)??\??(???)"
"?? ??.png","D:\?????? ???? ??\sevennight_guild_web\asset\?? ??\??? ??\(?)??\??(???)\skills"
"??? ??.png","D:\?????? ???? ??\sevennight_guild_web\asset\?? ??\??? ??\(?)??\??(???)\skills"
"????.png","D:\?????? ???? ??\sevennight_guild_web\asset\?? ??\??? ??\(?)??\??(???)\skills"
"????.png","D:\?????? ???? ??\sevennight_guild_web\asset\?? ??\??? ??\(?)??\??(???)\skills"
"??.json","D:\?????? ???? ??\sevennight_guild_web\asset\?? ??\??? ??\(?)??\??(???)\skills"
"??_???.png","D:\?????? ???? ??\sevennight_guild_web\asset\?? ??\??? ??\(?)??\??(???)"
"?? ??.png","D:\?????? ???? ??\sevennight_guild_web\asset\?? ??\??? ??\(?)??\??(???)\skills"
"??? ???.png","D:\?????? ???? ??\sevennight_guild_web\asset\?? ??\??? ??\(?)??\??(???)\skills"
"??.json","D:\?????? ???? ??\sevennight_guild_web\asset\?? ??\??? ??\(?)??\??(???)\skills"
"?????.png","D:\?????? ???? ??\sevennight_guild_web\asset\?? ??\??? ??\(?)??\??(???)\skills"
"???.png","D:\?????? ???? ??\sevennight_guild_web\asset\?? ??\??? ??\(?)??\??(???)\skills"
"????_???.png","D:\?????? ???? ??\sevennight_guild_web\asset\?? ??\??? ??\(?)?????\????(???)"
"????.json","D:\?????? ???? ??\sevennight_guild_web\asset\?? ??\??? ??\(?)?????\????(???)\skills"
"?? ??.png","D:\?????? ???? ??\sevennight_guild_web\asset\?? ??\??? ??\(?)?????\????(???)\skills"
"?? ??? ??.png","D:\?????? ???? ??\sevennight_guild_web\asset\?? ??\??? ??\(?)?????\????(???)\skills"
"??? ??.png","D:\?????? ???? ??\sevennight_guild_web\asset\?? ??\??? ??\(?)?????\????(???)\skills"
"??? ??.png","D:\?????? ???? ??\sevennight_guild_web\asset\?? ??\??? ??\(?)?????\????(???)\skills"
"??_???.png","D:\?????? ???? ??\sevennight_guild_web\asset\?? ??\??? ??\(?)?????\??(???)"
"?? ??.png","D:\?????? ???? ??\sevennight_guild_web\asset\?? ??\??? ??\(?)?????\??(???)\skills"
"??? ??.png","D:\?????? ???? ??\sevennight_guild_web\asset\?? ??\??? ??\(?)?????\??(???)\skills"
"??.json","D:\?????? ???? ??\sevennight_guild_web\asset\?? ??\??? ??\(?)?????\??(???)\skills"
"??? ??.png","D:\?????? ???? ??\sevennight_guild_web\asset\?? ??\??? ??\(?)?????\??(???)\skills"
"??? ??.png","D:\?????? ???? ??\sevennight_guild_web\asset\?? ??\??? ??\(?)?????\??(???)\skills"
"???_???.png","D:\?????? ???? ??\sevennight_guild_web\asset\?? ??\??? ??\(?)?????\???(???)"
"??? ????.png","D:\?????? ???? ??\sevennight_guild_web\asset\?? ??\??? ??\(?)?????\???(???)\skills"
"?? ??.png","D:\?????? ???? ??\sevennight_guild_web\asset\?? ??\??? ??\(?)?????\???(???)\skills"
"???.json","D:\?????? ???? ??\sevennight_guild_web\asset\?? ??\??? ??\(?)?????\???(???)\skills"
"???? ??.png","D:\?????? ???? ??\sevennight_guild_web\asset\?? ??\??? ??\(?)?????\???(???)\skills"
"??? ??.png","D:\?????? ???? ??\sevennight_guild_web\asset\?? ??\??? ??\(?)?????\???(???)\skills"
"??_???.png","D:\?????? ???? ??\sevennight_guild_web\asset\?? ??\??? ??\(?)?????\??(???)"
"?? ??.png","D:\?????? ???? ??\sevennight_guild_web\asset\?? ??\??? ??\(?)?????\??(???)\skills"
"?? ??.png","D:\?????? ???? ??\sevennight_guild_web\asset\?? ??\??? ??\(?)?????\??(???)\skills"
"??.json","D:\?????? ???? ??\sevennight_guild_web\asset\?? ??\??? ??\(?)?????\??(???)\skills"
"??? ??.png","D:\?????? ???? ??\sevennight_guild_web\asset\?? ??\??? ??\(?)?????\??(???)\skills"
"?? ??.png","D:\?????? ???? ??\sevennight_guild_web\asset\?? ??\??? ??\(?)?????\??(???)\skills"
"??_???.png","D:\?????? ???? ??\sevennight_guild_web\asset\?? ??\??? ??\(?)?????\??(???)"
"?? ??.png","D:\?????? ???? ??\sevennight_guild_web\asset\?? ??\??? ??\(?)?????\??(???)\skills"
"???? ??.png","D:\?????? ???? ??\sevennight_guild_web\asset\?? ??\??? ??\(?)?????\??(???)\skills"
"????? ?.png","D:\?????? ???? ??\sevennight_guild_web\asset\?? ??\??? ??\(?)?????\??(???)\skills"
"??? ??.png","D:\?????? ???? ??\sevennight_guild_web\asset\?? ??\??? ??\(?)?????\??(???)\skills"
"??.json","D:\?????? ???? ??\sevennight_guild_web\asset\?? ??\??? ??\(?)?????\??(???)\skills"
"????(??)_???.png","D:\?????? ???? ??\sevennight_guild_web\asset\?? ??\??? ??\(?????)\????(???)(??)"
"?? ??.png","D:\?????? ???? ??\sevennight_guild_web\asset\?? ??\??? ??\(?????)\????(???)(??)\skills"
"??? ??.png","D:\?????? ???? ??\sevennight_guild_web\asset\?? ??\??? ??\(?????)\????(???)(??)\skills"
"??? ??.png","D:\?????? ???? ??\sevennight_guild_web\asset\?? ??\??? ??\(?????)\????(???)(??)\skills"
"????(??).json","D:\?????? ???? ??\sevennight_guild_web\asset\?? ??\??? ??\(?????)\????(???)(??)\skills"
"??? ??.png","D:\?????? ???? ??\sevennight_guild_web\asset\?? ??\??? ??\(?????)\????(???)(??)\skills"
"???? ??.png","D:\?????? ???? ??\sevennight_guild_web\asset\?? ??\??? ??\(?????)\????(???)(??)\skills"
"??(??)_???.png","D:\?????? ???? ??\sevennight_guild_web\asset\?? ??\??? ??\??? ???\??(???)(??)"
"????.png","D:\?????? ???? ??\sevennight_guild_web\asset\?? ??\??? ??\??? ???\??(???)(??)\skills"
"?? ??.png","D:\?????? ???? ??\sevennight_guild_web\asset\?? ??\??? ??\??? ???\??(???)(??)\skills"
"????_???.png","D:\?????? ???? ??\sevennight_guild_web\asset\?? ??\??? ??\??? ???\??(???)(??)\skills"
"??(??).json","D:\?????? ???? ??\sevennight_guild_web\asset\?? ??\??? ??\??? ???\??(???)(??)\skills"
"???_???.png","D:\?????? ???? ??\sevennight_guild_web\asset\?? ??\??? ??\??? ???\??(???)(??)\skills"
"??.png","D:\?????? ???? ??\sevennight_guild_web\asset\?? ??\??? ??\??? ???\??(???)(??)\skills"
"???_???.png","D:\?????? ???? ??\sevennight_guild_web\asset\?? ??\??? ??\??????\???(???)"
"?? ??.png","D:\?????? ???? ??\sevennight_guild_web\asset\?? ??\??? ??\??????\???(???)\skills"
"???.json","D:\?????? ???? ??\sevennight_guild_web\asset\?? ??\??? ??\??????\???(???)\skills"
"??? ???.png","D:\?????? ???? ??\sevennight_guild_web\asset\?? ??\??? ??\??????\???(???)\skills"
"??? ??.png","D:\?????? ???? ??\sevennight_guild_web\asset\?? ??\??? ??\??????\???(???)\skills"
"??? ??.png","D:\?????? ???? ??\sevennight_guild_web\asset\?? ??\??? ??\??????\???(???)\skills"
"???_???.png","D:\?????? ???? ??\sevennight_guild_web\asset\?? ??\??? ??\??????\???(???)"
"??? ??.png","D:\?????? ???? ??\sevennight_guild_web\asset\?? ??\??? ??\??????\???(???)\skills"
"?? ??.png","D:\?????? ???? ??\sevennight_guild_web\asset\?? ??\??? ??\??????\???(???)\skills"
"?? ??.png","D:\?????? ???? ??\sevennight_guild_web\asset\?? ??\??? ??\??????\???(???)\skills"
"???.json","D:\?????? ???? ??\sevennight_guild_web\asset\?? ??\??? ??\??????\???(???)\skills"
"??? ?.png","D:\?????? ???? ??\sevennight_guild_web\asset\?? ??\??? ??\??????\???(???)\skills"
"??_???.png","D:\?????? ???? ??\sevennight_guild_web\asset\?? ??\??? ??\??????\??(???)"
"?? ??.png","D:\?????? ???? ??\sevennight_guild_web\asset\?? ??\??? ??\??????\??(???)\skills"
"???? ???.png","D:\?????? ???? ??\sevennight_guild_web\asset\?? ??\??? ??\??????\??(???)\skills"
"??? ??.png","D:\?????? ???? ??\sevennight_guild_web\asset\?? ??\??? ??\??????\??(???)\skills"
"??? ??.png","D:\?????? ???? ??\sevennight_guild_web\asset\?? ??\??? ??\??????\??(???)\skills"
"??.json","D:\?????? ???? ??\sevennight_guild_web\asset\?? ??\??? ??\??????\??(???)\skills"
"???_???.png","D:\?????? ???? ??\sevennight_guild_web\asset\?? ??\??? ??\??????\???(???)"
"?? ??.png","D:\?????? ???? ??\sevennight_guild_web\asset\?? ??\??? ??\??????\???(???)\skills"
"???.png","D:\?????? ???? ??\sevennight_guild_web\asset\?? ??\??? ??\??????\???(???)\skills"
"??? ??.png","D:\?????? ???? ??\sevennight_guild_web\asset\?? ??\??? ??\??????\???(???)\skills"
"??????(?).png","D:\?????? ???? ??\sevennight_guild_web\asset\?? ??\??? ??\??????\???(???)\skills"
"???.json","D:\?????? ???? ??\sevennight_guild_web\asset\?? ??\??? ??\??????\???(???)\skills"
"??_???.png","D:\?????? ???? ??\sevennight_guild_web\asset\?? ??\??? ??\??????\??(???)"
"?? ??.png","D:\?????? ???? ??\sevennight_guild_web\asset\?? ??\??? ??\??????\??(???)\skills"
"?? ??.png","D:\?????? ???? ??\sevennight_guild_web\asset\?? ??\??? ??\??????\??(???)\skills"
"??? ??.png","D:\?????? ???? ??\sevennight_guild_web\asset\?? ??\??? ??\??????\??(???)\skills"
"??? ??.png","D:\?????? ???? ??\sevennight_guild_web\asset\?? ??\??? ??\??????\??(???)\skills"
"??.json","D:\?????? ???? ??\sevennight_guild_web\asset\?? ??\??? ??\??????\??(???)\skills"
"???(??)_???.png","D:\?????? ???? ??\sevennight_guild_web\asset\?? ??\??? ??\?????\???(???)(??)"
"?? ??.png","D:\?????? ???? ??\sevennight_guild_web\asset\?? ??\??? ??\?????\???(???)(??)\skills"
"???(??).json","D:\?????? ???? ??\sevennight_guild_web\asset\?? ??\??? ??\?????\???(???)(??)\skills"
"?? ??.png","D:\?????? ???? ??\sevennight_guild_web\asset\?? ??\??? ??\?????\???(???)(??)\skills"
"????.png","D:\?????? ???? ??\sevennight_guild_web\asset\?? ??\??? ??\?????\???(???)(??)\skills"
"??? ??.png","D:\?????? ???? ??\sevennight_guild_web\asset\?? ??\??? ??\?????\???(???)(??)\skills"
"??? ??.png","D:\?????? ???? ??\sevennight_guild_web\asset\?? ??\??? ??\?????\???(???)(??)\skills"
"??? ??.png","D:\?????? ???? ??\sevennight_guild_web\asset\?? ??\??? ??\?????\???(???)(??)\skills"
"??? ???.png","D:\?????? ???? ??\sevennight_guild_web\asset\?? ??\??? ??\?????\???(???)(??)\skills"
"???_???.png","D:\?????? ???? ??\sevennight_guild_web\asset\?? ??\??? ??\?????\???(???)"
"??? ??.png","D:\?????? ???? ??\sevennight_guild_web\asset\?? ??\??? ??\?????\???(???)\skills"
"?? ??.png","D:\?????? ???? ??\sevennight_guild_web\asset\?? ??\??? ??\?????\???(???)\skills"
"???.json","D:\?????? ???? ??\sevennight_guild_web\asset\?? ??\??? ??\?????\???(???)\skills"
"?? ??.png","D:\?????? ???? ??\sevennight_guild_web\asset\?? ??\??? ??\?????\???(???)\skills"
"??? ???.png","D:\?????? ???? ??\sevennight_guild_web\asset\?? ??\??? ??\?????\???(???)\skills"
"???&???_???.png","D:\?????? ???? ??\sevennight_guild_web\asset\?? ??\??? ??\?????\???&???(???)"
"??? ??.png","D:\?????? ???? ??\sevennight_guild_web\asset\?? ??\??? ??\?????\???&???(???)\skills"
"??? ??.png","D:\?????? ???? ??\sevennight_guild_web\asset\?? ??\??? ??\?????\???&???(???)\skills"
"?? ??.png","D:\?????? ???? ??\sevennight_guild_web\asset\?? ??\??? ??\?????\???&???(???)\skills"
"???&???.json","D:\?????? ???? ??\sevennight_guild_web\asset\?? ??\??? ??\?????\???&???(???)\skills"
"??? ??.png","D:\?????? ???? ??\sevennight_guild_web\asset\?? ??\??? ??\?????\???&???(???)\skills"
"??_???.png","D:\?????? ???? ??\sevennight_guild_web\asset\?? ??\??? ??\?????\??(???)"
"?? ??.png","D:\?????? ???? ??\sevennight_guild_web\asset\?? ??\??? ??\?????\??(???)\skills"
"??? ???.png","D:\?????? ???? ??\sevennight_guild_web\asset\?? ??\??? ??\?????\??(???)\skills"
"???, ???..png","D:\?????? ???? ??\sevennight_guild_web\asset\?? ??\??? ??\?????\??(???)\skills"
"??, ????(???).png","D:\?????? ???? ??\sevennight_guild_web\asset\?? ??\??? ??\?????\??(???)\skills"
"??.json","D:\?????? ???? ??\sevennight_guild_web\asset\?? ??\??? ??\?????\??(???)\skills"
"????_???.png","D:\?????? ???? ??\sevennight_guild_web\asset\?? ??\??? ??\?????\????(???)"
"??? ??.png","D:\?????? ???? ??\sevennight_guild_web\asset\?? ??\??? ??\?????\????(???)\skills"
"?? ??.png","D:\?????? ???? ??\sevennight_guild_web\asset\?? ??\??? ??\?????\????(???)\skills"
"??? (??) ??.png","D:\?????? ???? ??\sevennight_guild_web\asset\?? ??\??? ??\?????\????(???)\skills"
"???? ??.png","D:\?????? ???? ??\sevennight_guild_web\asset\?? ??\??? ??\?????\????(???)\skills"
"????.json","D:\?????? ???? ??\sevennight_guild_web\asset\?? ??\??? ??\?????\????(???)\skills"
"???_???.png","D:\?????? ???? ??\sevennight_guild_web\asset\?? ??\??? ??\?????\???(???)"
"?? ??.png","D:\?????? ???? ??\sevennight_guild_web\asset\?? ??\??? ??\?????\???(???)\skills"
"????? ??.png","D:\?????? ???? ??\sevennight_guild_web\asset\?? ??\??? ??\?????\???(???)\skills"
"????.png","D:\?????? ???? ??\sevennight_guild_web\asset\?? ??\??? ??\?????\???(???)\skills"
"??? ?.png","D:\?????? ???? ??\sevennight_guild_web\asset\?? ??\??? ??\?????\???(???)\skills"
"???.json","D:\?????? ???? ??\sevennight_guild_web\asset\?? ??\??? ??\?????\???(???)\skills"
"???_???.png","D:\?????? ???? ??\sevennight_guild_web\asset\?? ??\??? ??\???? ???\???(???)"
"?? ??.png","D:\?????? ???? ??\sevennight_guild_web\asset\?? ??\??? ??\???? ???\???(???)\skills"
"???.png","D:\?????? ???? ??\sevennight_guild_web\asset\?? ??\??? ??\???? ???\???(???)\skills"
"?? ??.png","D:\?????? ???? ??\sevennight_guild_web\asset\?? ??\??? ??\???? ???\???(???)\skills"
"???.json","D:\?????? ???? ??\sevennight_guild_web\asset\?? ??\??? ??\???? ???\???(???)\skills"
"??? ???.png","D:\?????? ???? ??\sevennight_guild_web\asset\?? ??\??? ??\???? ???\???(???)\skills"
"????_???.png","D:\?????? ???? ??\sevennight_guild_web\asset\?? ??\??? ??\???? ???\????(???)"
"?? ??.png","D:\?????? ???? ??\sevennight_guild_web\asset\?? ??\??? ??\???? ???\????(???)\skills"
"?? ??.png","D:\?????? ???? ??\sevennight_guild_web\asset\?? ??\??? ??\???? ???\????(???)\skills"
"????.json","D:\?????? ???? ??\sevennight_guild_web\asset\?? ??\??? ??\???? ???\????(???)\skills"
"??? ?.png","D:\?????? ???? ??\sevennight_guild_web\asset\?? ??\??? ??\???? ???\????(???)\skills"
"???? ???.png","D:\?????? ???? ??\sevennight_guild_web\asset\?? ??\??? ??\???? ???\????(???)\skills"
"???_???.png","D:\?????? ???? ??\sevennight_guild_web\asset\?? ??\??? ??\???? ???\???(???)"
"?? ??.png","D:\?????? ???? ??\sevennight_guild_web\asset\?? ??\??? ??\???? ???\???(???)\skills"
"????.png","D:\?????? ???? ??\sevennight_guild_web\asset\?? ??\??? ??\???? ???\???(???)\skills"
"?? ??.png","D:\?????? ???? ??\sevennight_guild_web\asset\?? ??\??? ??\???? ???\???(???)\skills"
"???.png","D:\?????? ???? ??\sevennight_guild_web\asset\?? ??\??? ??\???? ???\???(???)\skills"
"???.json","D:\?????? ???? ??\sevennight_guild_web\asset\?? ??\??? ??\???? ???\???(???)\skills"
"?_???.png","D:\?????? ???? ??\sevennight_guild_web\asset\?? ??\??? ??\??\?(???)"
"?? ??.png","D:\?????? ???? ??\sevennight_guild_web\asset\?? ??\??? ??\??\?(???)\skills"
"?.json","D:\?????? ???? ??\sevennight_guild_web\asset\?? ??\??? ??\??\?(???)\skills"
"????.png","D:\?????? ???? ??\sevennight_guild_web\asset\?? ??\??? ??\??\?(???)\skills"
"??? ??.png","D:\?????? ???? ??\sevennight_guild_web\asset\?? ??\??? ??\??\?(???)\skills"
"???.png","D:\?????? ???? ??\sevennight_guild_web\asset\?? ??\??? ??\??\?(???)\skills"
"???_???.png","D:\?????? ???? ??\sevennight_guild_web\asset\?? ??\??? ??\??\???(???)"
"?? ??.png","D:\?????? ???? ??\sevennight_guild_web\asset\?? ??\??? ??\??\???(???)\skills"
"?? ??.png","D:\?????? ???? ??\sevennight_guild_web\asset\?? ??\??? ??\??\???(???)\skills"
"??? ??.png","D:\?????? ???? ??\sevennight_guild_web\asset\?? ??\??? ??\??\???(???)\skills"
"???.json","D:\?????? ???? ??\sevennight_guild_web\asset\?? ??\??? ??\??\???(???)\skills"
"?????.png","D:\?????? ???? ??\sevennight_guild_web\asset\?? ??\??? ??\??\???(???)\skills"
"??_???.png","D:\?????? ???? ??\sevennight_guild_web\asset\?? ??\??? ??\??\??(???)"
"?? ??.png","D:\?????? ???? ??\sevennight_guild_web\asset\?? ??\??? ??\??\??(???)\skills"
"??.json","D:\?????? ???? ??\sevennight_guild_web\asset\?? ??\??? ??\??\??(???)\skills"
"?????.png","D:\?????? ???? ??\sevennight_guild_web\asset\?? ??\??? ??\??\??(???)\skills"
"???? ?.png","D:\?????? ???? ??\sevennight_guild_web\asset\?? ??\??? ??\??\??(???)\skills"
"????.png","D:\?????? ???? ??\sevennight_guild_web\asset\?? ??\??? ??\??\??(???)\skills"
"??_???.png","D:\?????? ???? ??\sevennight_guild_web\asset\?? ??\??? ??\??\??(???)"
"?? ??.png","D:\?????? ???? ??\sevennight_guild_web\asset\?? ??\??? ??\??\??(???)\skills"
"?????.png","D:\?????? ???? ??\sevennight_guild_web\asset\?? ??\??? ??\??\??(???)\skills"
"?????.png","D:\?????? ???? ??\sevennight_guild_web\asset\?? ??\??? ??\??\??(???)\skills"
"?????.png","D:\?????? ???? ??\sevennight_guild_web\asset\?? ??\??? ??\??\??(???)\skills"
"??.json","D:\?????? ???? ??\sevennight_guild_web\asset\?? ??\??? ??\??\??(???)\skills"
"?.?????.png","D:\?????? ???? ??\sevennight_guild_web\asset\?? ??\??? ??\??\??(???)\skills"
"?.?????.png","D:\?????? ???? ??\sevennight_guild_web\asset\?? ??\??? ??\??\??(???)\skills"
"???_???.png","D:\?????? ???? ??\sevennight_guild_web\asset\?? ??\??? ??\?????\???(???)"
"?? ??.png","D:\?????? ???? ??\sevennight_guild_web\asset\?? ??\??? ??\?????\???(???)\??"
"???.json","D:\?????? ???? ??\sevennight_guild_web\asset\?? ??\??? ??\?????\???(???)\??"
"??.png","D:\?????? ???? ??\sevennight_guild_web\asset\?? ??\??? ??\?????\???(???)\??"
"??.png","D:\?????? ???? ??\sevennight_guild_web\asset\?? ??\??? ??\?????\???(???)\??"
"??? ?.png","D:\?????? ???? ??\sevennight_guild_web\asset\?? ??\??? ??\?????\???(???)\??"
"??_???(??).png","D:\?????? ???? ??\sevennight_guild_web\asset\?? ??\??? ??\?????\??(???)(??)"
"??? ??.png","D:\?????? ???? ??\sevennight_guild_web\asset\?? ??\??? ??\?????\??(???)(??)\skills"
"?? ??.png","D:\?????? ???? ??\sevennight_guild_web\asset\?? ??\??? ??\?????\??(???)(??)\skills"
"??.png","D:\?????? ???? ??\sevennight_guild_web\asset\?? ??\??? ??\?????\??(???)(??)\skills"
"??.json","D:\?????? ???? ??\sevennight_guild_web\asset\?? ??\??? ??\?????\??(???)(??)\skills"
"?? ??.png","D:\?????? ???? ??\sevennight_guild_web\asset\?? ??\??? ??\?????\??(???)(??)\skills"
"??? ??.png","D:\?????? ???? ??\sevennight_guild_web\asset\?? ??\??? ??\?????\??(???)(??)\skills"
"???_???.png","D:\?????? ???? ??\sevennight_guild_web\asset\?? ??\??? ??\?????\???(???)"
"?? ??.png","D:\?????? ???? ??\sevennight_guild_web\asset\?? ??\??? ??\?????\???(???)\skills"
"??? ??.png","D:\?????? ???? ??\sevennight_guild_web\asset\?? ??\??? ??\?????\???(???)\skills"
"????.png","D:\?????? ???? ??\sevennight_guild_web\asset\?? ??\??? ??\?????\???(???)\skills"
"???.json","D:\?????? ???? ??\sevennight_guild_web\asset\?? ??\??? ??\?????\???(???)\skills"
"??? ???.png","D:\?????? ???? ??\sevennight_guild_web\asset\?? ??\??? ??\?????\???(???)\skills"
"????_???.png","D:\?????? ???? ??\sevennight_guild_web\asset\?? ??\??? ??\?????\????(???)"
"?? ??.png","D:\?????? ???? ??\sevennight_guild_web\asset\?? ??\??? ??\?????\????(???)\skills"
"????.json","D:\?????? ???? ??\sevennight_guild_web\asset\?? ??\??? ??\?????\????(???)\skills"
"??? ??.png","D:\?????? ???? ??\sevennight_guild_web\asset\?? ??\??? ??\?????\????(???)\skills"
"??? ??.png","D:\?????? ???? ??\sevennight_guild_web\asset\?? ??\??? ??\?????\????(???)\skills"
"??? ??.png","D:\?????? ???? ??\sevennight_guild_web\asset\?? ??\??? ??\?????\????(???)\skills"
"???_???.png","D:\?????? ???? ??\sevennight_guild_web\asset\?? ??\??? ??\?????\???(???)"
"?? ??.png","D:\?????? ???? ??\sevennight_guild_web\asset\?? ??\??? ??\?????\???(???)\skills"
"??? ??.png","D:\?????? ???? ??\sevennight_guild_web\asset\?? ??\??? ??\?????\???(???)\skills"
"???.json","D:\?????? ???? ??\sevennight_guild_web\asset\?? ??\??? ??\?????\???(???)\skills"
"????.png","D:\?????? ???? ??\sevennight_guild_web\asset\?? ??\??? ??\?????\???(???)\skills"
"???? ??.png","D:\?????? ???? ??\sevennight_guild_web\asset\?? ??\??? ??\?????\???(???)\skills"
"???_???.png","D:\?????? ???? ??\sevennight_guild_web\asset\?? ??\??? ??\?????\???(???)"
"?? ??.png","D:\?????? ???? ??\sevennight_guild_web\asset\?? ??\??? ??\?????\???(???)\skills"
"??? ??.png","D:\?????? ???? ??\sevennight_guild_web\asset\?? ??\??? ??\?????\???(???)\skills"
"??? ??.png","D:\?????? ???? ??\sevennight_guild_web\asset\?? ??\??? ??\?????\???(???)\skills"
"?? ??.png","D:\?????? ???? ??\sevennight_guild_web\asset\?? ??\??? ??\?????\???(???)\skills"
"???.json","D:\?????? ???? ??\sevennight_guild_web\asset\?? ??\??? ??\?????\???(???)\skills"
"???_???.png","D:\?????? ???? ??\sevennight_guild_web\asset\?? ??\??? ??\?????\???(???)"
"?? ??.png","D:\?????? ???? ??\sevennight_guild_web\asset\?? ??\??? ??\?????\???(???)\skills"
"??? ???.png","D:\?????? ???? ??\sevennight_guild_web\asset\?? ??\??? ??\?????\???(???)\skills"
"??? ??.png","D:\?????? ???? ??\sevennight_guild_web\asset\?? ??\??? ??\?????\???(???)\skills"
"?? ??.png","D:\?????? ???? ??\sevennight_guild_web\asset\?? ??\??? ??\?????\???(???)\skills"
"???.json","D:\?????? ???? ??\sevennight_guild_web\asset\?? ??\??? ??\?????\???(???)\skills"
"??_???.png","D:\?????? ???? ??\sevennight_guild_web\asset\?? ??\??? ??\?????\??(???)"
"??? ??.png","D:\?????? ???? ??\sevennight_guild_web\asset\?? ??\??? ??\?????\??(???)\skills"
"?? ??.png","D:\?????? ???? ??\sevennight_guild_web\asset\?? ??\??? ??\?????\??(???)\skills"
"??.json","D:\?????? ???? ??\sevennight_guild_web\asset\?? ??\??? ??\?????\??(???)\skills"
"??? ?.png","D:\?????? ???? ??\sevennight_guild_web\asset\?? ??\??? ??\?????\??(???)\skills"
"????.png","D:\?????? ???? ??\sevennight_guild_web\asset\?? ??\??? ??\?????\??(???)\skills"
"????_???.png","D:\?????? ???? ??\sevennight_guild_web\asset\?? ??\??? ??\?????\????(???)"
"?? ??.png","D:\?????? ???? ??\sevennight_guild_web\asset\?? ??\??? ??\?????\????(???)\skills"
"????.json","D:\?????? ???? ??\sevennight_guild_web\asset\?? ??\??? ??\?????\????(???)\skills"
"?? ??.png","D:\?????? ???? ??\sevennight_guild_web\asset\?? ??\??? ??\?????\????(???)\skills"
"?? ?? ??.png","D:\?????? ???? ??\sevennight_guild_web\asset\?? ??\??? ??\?????\????(???)\skills"
"????.png","D:\?????? ???? ??\sevennight_guild_web\asset\?? ??\??? ??\?????\????(???)\skills"
"???_???.png","D:\?????? ???? ??\sevennight_guild_web\asset\?? ??\??? ??\?????\???(???)"
"?? ??.png","D:\?????? ???? ??\sevennight_guild_web\asset\?? ??\??? ??\?????\???(???)\skills"
"???.json","D:\?????? ???? ??\sevennight_guild_web\asset\?? ??\??? ??\?????\???(???)\skills"
"??? ??.png","D:\?????? ???? ??\sevennight_guild_web\asset\?? ??\??? ??\?????\???(???)\skills"
"??-? ??.png","D:\?????? ???? ??\sevennight_guild_web\asset\?? ??\??? ??\?????\???(???)\skills"
"??-???.png","D:\?????? ???? ??\sevennight_guild_web\asset\?? ??\??? ??\?????\???(???)\skills"
"???_???.png","D:\?????? ???? ??\sevennight_guild_web\asset\?? ??\??? ??\?????\???(???)"
"?? ??.png","D:\?????? ???? ??\sevennight_guild_web\asset\?? ??\??? ??\?????\???(???)\skills"
"????.png","D:\?????? ???? ??\sevennight_guild_web\asset\?? ??\??? ??\?????\???(???)\skills"
"?? ????.png","D:\?????? ???? ??\sevennight_guild_web\asset\?? ??\??? ??\?????\???(???)\skills"
"???.json","D:\?????? ???? ??\sevennight_guild_web\asset\?? ??\??? ??\?????\???(???)\skills"
"???? ??.png","D:\?????? ???? ??\sevennight_guild_web\asset\?? ??\??? ??\?????\???(???)\skills"
"?????_???.png","D:\?????? ???? ??\sevennight_guild_web\asset\?? ??\??? ??\??? ???\?????(???)"
"?? ??.png","D:\?????? ???? ??\sevennight_guild_web\asset\?? ??\??? ??\??? ???\?????(???)\skills"
"?????.json","D:\?????? ???? ??\sevennight_guild_web\asset\?? ??\??? ??\??? ???\?????(???)\skills"
"???? ??.png","D:\?????? ???? ??\sevennight_guild_web\asset\?? ??\??? ??\??? ???\?????(???)\skills"
"??? ?.png","D:\?????? ???? ??\sevennight_guild_web\asset\?? ??\??? ??\??? ???\?????(???)\skills"
"??? ??.png","D:\?????? ???? ??\sevennight_guild_web\asset\?? ??\??? ??\??? ???\?????(???)\skills"
"?????_???.png","D:\?????? ???? ??\sevennight_guild_web\asset\?? ??\??? ??\??? ???\?????(???)"
"?? ??.png","D:\?????? ???? ??\sevennight_guild_web\asset\?? ??\??? ??\??? ???\?????(???)\skills"
"?????.json","D:\?????? ???? ??\sevennight_guild_web\asset\?? ??\??? ??\??? ???\?????(???)\skills"
"??? ??.png","D:\?????? ???? ??\sevennight_guild_web\asset\?? ??\??? ??\??? ???\?????(???)\skills"
"?? ??.png","D:\?????? ???? ??\sevennight_guild_web\asset\?? ??\??? ??\??? ???\?????(???)\skills"
"?? ?? ???.png","D:\?????? ???? ??\sevennight_guild_web\asset\?? ??\??? ??\??? ???\?????(???)\skills"
"?????_???.png","D:\?????? ???? ??\sevennight_guild_web\asset\?? ??\??? ??\??? ???\?????(???)"
"??? ??.png","D:\?????? ???? ??\sevennight_guild_web\asset\?? ??\??? ??\??? ???\?????(???)\skills"
"?? ??.png","D:\?????? ???? ??\sevennight_guild_web\asset\?? ??\??? ??\??? ???\?????(???)\skills"
"?????.json","D:\?????? ???? ??\sevennight_guild_web\asset\?? ??\??? ??\??? ???\?????(???)\skills"
"??? ??.png","D:\?????? ???? ??\sevennight_guild_web\asset\?? ??\??? ??\??? ???\?????(???)\skills"
"??? ??.png","D:\?????? ???? ??\sevennight_guild_web\asset\?? ??\??? ??\??? ???\?????(???)\skills"
"???_???.png","D:\?????? ???? ??\sevennight_guild_web\asset\?? ??\??? ??\??? ???\???(???)"
"?? ??.png","D:\?????? ???? ??\sevennight_guild_web\asset\?? ??\??? ??\??? ???\???(???)\skills"
"??? ??.png","D:\?????? ???? ??\sevennight_guild_web\asset\?? ??\??? ??\??? ???\???(???)\skills"
"???.json","D:\?????? ???? ??\sevennight_guild_web\asset\?? ??\??? ??\??? ???\???(???)\skills"
"??? ??.png","D:\?????? ???? ??\sevennight_guild_web\asset\?? ??\??? ??\??? ???\???(???)\skills"
"??? ??.png","D:\?????? ???? ??\sevennight_guild_web\asset\?? ??\??? ??\??? ???\???(???)\skills"
"???(??)_???.png","D:\?????? ???? ??\sevennight_guild_web\asset\?? ??\??? ??\??? ???\???(???)(??)"
"?? ??.png","D:\?????? ???? ??\sevennight_guild_web\asset\?? ??\??? ??\??? ???\???(???)(??)\skills"
"??! ??? ??.png","D:\?????? ???? ??\sevennight_guild_web\asset\?? ??\??? ??\??? ???\???(???)(??)\skills"
"??? ??.png","D:\?????? ???? ??\sevennight_guild_web\asset\?? ??\??? ??\??? ???\???(???)(??)\skills"
"???.json","D:\?????? ???? ??\sevennight_guild_web\asset\?? ??\??? ??\??? ???\???(???)(??)\skills"
"??? ??.png","D:\?????? ???? ??\sevennight_guild_web\asset\?? ??\??? ??\??? ???\???(???)(??)\skills"
"??? ???.png","D:\?????? ???? ??\sevennight_guild_web\asset\?? ??\??? ??\??? ???\???(???)(??)\skills"
"???_???.png","D:\?????? ???? ??\sevennight_guild_web\asset\?? ??\??? ??\??? ???\???(???)"
"?? ??.png","D:\?????? ???? ??\sevennight_guild_web\asset\?? ??\??? ??\??? ???\???(???)\skills"
"?? ??!.png","D:\?????? ???? ??\sevennight_guild_web\asset\?? ??\??? ??\??? ???\???(???)\skills"
"??? ??.png","D:\?????? ???? ??\sevennight_guild_web\asset\?? ??\??? ??\??? ???\???(???)\skills"
"???.json","D:\?????? ???? ??\sevennight_guild_web\asset\?? ??\??? ??\??? ???\???(???)\skills"
"? ??? ?!.png","D:\?????? ???? ??\sevennight_guild_web\asset\?? ??\??? ??\??? ???\???(???)\skills"
"????_???.png","D:\?????? ???? ??\sevennight_guild_web\asset\?? ??\??? ??\??? ???\????(???)"
"??? ??.png","D:\?????? ???? ??\sevennight_guild_web\asset\?? ??\??? ??\??? ???\????(???)\skills"
"?? ??.png","D:\?????? ???? ??\sevennight_guild_web\asset\?? ??\??? ??\??? ???\????(???)\skills"
"?? ??.png","D:\?????? ???? ??\sevennight_guild_web\asset\?? ??\??? ??\??? ???\????(???)\skills"
"???? ???.png","D:\?????? ???? ??\sevennight_guild_web\asset\?? ??\??? ??\??? ???\????(???)\skills"
"????.json","D:\?????? ???? ??\sevennight_guild_web\asset\?? ??\??? ??\??? ???\????(???)\skills"
"???(??)_???.png","D:\?????? ???? ??\sevennight_guild_web\asset\?? ??\??? ??\???\???(???)(??)"
"?? ??.png","D:\?????? ???? ??\sevennight_guild_web\asset\?? ??\??? ??\???\???(???)(??)\skills"
"????.png","D:\?????? ???? ??\sevennight_guild_web\asset\?? ??\??? ??\???\???(???)(??)\skills"
"??? ??.png","D:\?????? ???? ??\sevennight_guild_web\asset\?? ??\??? ??\???\???(???)(??)\skills"
"???(??).json","D:\?????? ???? ??\sevennight_guild_web\asset\?? ??\??? ??\???\???(???)(??)\skills"
"???? ??.png","D:\?????? ???? ??\sevennight_guild_web\asset\?? ??\??? ??\???\???(???)(??)\skills"
"?????!.png","D:\?????? ???? ??\sevennight_guild_web\asset\?? ??\??? ??\???\???(???)(??)\skills"
"???(??)_???.png","D:\?????? ???? ??\sevennight_guild_web\asset\?? ??\??? ??\???\???(???)(??)"
"?? ??.png","D:\?????? ???? ??\sevennight_guild_web\asset\?? ??\??? ??\???\???(???)(??)\skills"
"???? ??.png","D:\?????? ???? ??\sevennight_guild_web\asset\?? ??\??? ??\???\???(???)(??)\skills"
"??? ??.png","D:\?????? ???? ??\sevennight_guild_web\asset\?? ??\??? ??\???\???(???)(??)\skills"
"???(??).json","D:\?????? ???? ??\sevennight_guild_web\asset\?? ??\??? ??\???\???(???)(??)\skills"
"??? ??.png","D:\?????? ???? ??\sevennight_guild_web\asset\?? ??\??? ??\???\???(???)(??)\skills"
"????.png","D:\?????? ???? ??\sevennight_guild_web\asset\?? ??\??? ??\???\???(???)(??)\skills"
"????(??)_???.png","D:\?????? ???? ??\sevennight_guild_web\asset\?? ??\??? ??\???\????(???)(??)"
"??? ?.png","D:\?????? ???? ??\sevennight_guild_web\asset\?? ??\??? ??\???\????(???)(??)\skills"
"?? ??.png","D:\?????? ???? ??\sevennight_guild_web\asset\?? ??\??? ??\???\????(???)(??)\skills"
"??? ??.png","D:\?????? ???? ??\sevennight_guild_web\asset\?? ??\??? ??\???\????(???)(??)\skills"
"??? ??.png","D:\?????? ???? ??\sevennight_guild_web\asset\?? ??\??? ??\???\????(???)(??)\skills"
"??? ??.png","D:\?????? ???? ??\sevennight_guild_web\asset\?? ??\??? ??\???\????(???)(??)\skills"
"????(??).json","D:\?????? ???? ??\sevennight_guild_web\asset\?? ??\??? ??\???\????(???)(??)\skills"
"??(??)_???.png","D:\?????? ???? ??\sevennight_guild_web\asset\?? ??\??? ??\???? ??\??(???)(??)"
"?? ??.png","D:\?????? ???? ??\sevennight_guild_web\asset\?? ??\??? ??\???? ??\??(???)(??)\skills"
"??(??).json","D:\?????? ???? ??\sevennight_guild_web\asset\?? ??\??? ??\???? ??\??(???)(??)\skills"
"??? ??.png","D:\?????? ???? ??\sevennight_guild_web\asset\?? ??\??? ??\???? ??\??(???)(??)\skills"
"??? ??.png","D:\?????? ???? ??\sevennight_guild_web\asset\?? ??\??? ??\???? ??\??(???)(??)\skills"
"??? ??.png","D:\?????? ???? ??\sevennight_guild_web\asset\?? ??\??? ??\???? ??\??(???)(??)\skills"
"??? ??.png","D:\?????? ???? ??\sevennight_guild_web\asset\?? ??\??? ??\???? ??\??(???)(??)\skills"
"??_???.png","D:\?????? ???? ??\sevennight_guild_web\asset\?? ??\??? ??\???? ??\??(???)"
"?? ??.png","D:\?????? ???? ??\sevennight_guild_web\asset\?? ??\??? ??\???? ??\??(???)\skills"
"??.json","D:\?????? ???? ??\sevennight_guild_web\asset\?? ??\??? ??\???? ??\??(???)\skills"
"??? ??.png","D:\?????? ???? ??\sevennight_guild_web\asset\?? ??\??? ??\???? ??\??(???)\skills"
"??? ??.png","D:\?????? ???? ??\sevennight_guild_web\asset\?? ??\??? ??\???? ??\??(???)\skills"
"??? ??.png","D:\?????? ???? ??\sevennight_guild_web\asset\?? ??\??? ??\???? ??\??(???)\skills"
"??_???.png","D:\?????? ???? ??\sevennight_guild_web\asset\?? ??\??? ??\??? ?\??(???)"
"?? ??.png","D:\?????? ???? ??\sevennight_guild_web\asset\?? ??\??? ??\??? ?\??(???)\skills"
"?? ??.png","D:\?????? ???? ??\sevennight_guild_web\asset\?? ??\??? ??\??? ?\??(???)\skills"
"??? ???.png","D:\?????? ???? ??\sevennight_guild_web\asset\?? ??\??? ??\??? ?\??(???)\skills"
"???.png","D:\?????? ???? ??\sevennight_guild_web\asset\?? ??\??? ??\??? ?\??(???)\skills"
"??.json","D:\?????? ???? ??\sevennight_guild_web\asset\?? ??\??? ??\??? ?\??(???)\skills"
"??_???.webp","D:\?????? ???? ??\sevennight_guild_web\asset\?? ??\??? ??\??? ??\??(???)"
"?? ??.webp","D:\?????? ???? ??\sevennight_guild_web\asset\?? ??\??? ??\??? ??\??(???)\skills"
"?? ??.png","D:\?????? ???? ??\sevennight_guild_web\asset\?? ??\??? ??\??? ??\??(???)\skills"
"??? ??.png","D:\?????? ???? ??\sevennight_guild_web\asset\?? ??\??? ??\??? ??\??(???)\skills"
"??.json","D:\?????? ???? ??\sevennight_guild_web\asset\?? ??\??? ??\??? ??\??(???)\skills"
"?? ??.png","D:\?????? ???? ??\sevennight_guild_web\asset\?? ??\??? ??\??? ??\??(???)\skills"
"???_???.png","D:\?????? ???? ??\sevennight_guild_web\asset\?? ??\??? ??\?? ???\???(???)"
"?? ??.png","D:\?????? ???? ??\sevennight_guild_web\asset\?? ??\??? ??\?? ???\???(???)\skills"
"???.json","D:\?????? ???? ??\sevennight_guild_web\asset\?? ??\??? ??\?? ???\???(???)\skills"
"????.png","D:\?????? ???? ??\sevennight_guild_web\asset\?? ??\??? ??\?? ???\???(???)\skills"
"??? ???.png","D:\?????? ???? ??\sevennight_guild_web\asset\?? ??\??? ??\?? ???\???(???)\skills"
"?? ??.png","D:\?????? ???? ??\sevennight_guild_web\asset\?? ??\??? ??\?? ???\???(???)\skills"
"??_???.png","D:\?????? ???? ??\sevennight_guild_web\asset\?? ??\??? ??\??? ??\??(???)"
"??? ??.png","D:\?????? ???? ??\sevennight_guild_web\asset\?? ??\??? ??\??? ??\??(???)\skills"
"?? ??.png","D:\?????? ???? ??\sevennight_guild_web\asset\?? ??\??? ??\??? ??\??(???)\skills"
"??.json","D:\?????? ???? ??\sevennight_guild_web\asset\?? ??\??? ??\??? ??\??(???)\skills"
"??? ??.png","D:\?????? ???? ??\sevennight_guild_web\asset\?? ??\??? ??\??? ??\??(???)\skills"
"???? ??.png","D:\?????? ???? ??\sevennight_guild_web\asset\?? ??\??? ??\??? ??\??(???)\skills"
"??_???.png","D:\?????? ???? ??\sevennight_guild_web\asset\?? ??\??? ??\??? ??\??(???)"
"?? ??.png","D:\?????? ???? ??\sevennight_guild_web\asset\?? ??\??? ??\??? ??\??(???)\skills"
"??.json","D:\?????? ???? ??\sevennight_guild_web\asset\?? ??\??? ??\??? ??\??(???)\skills"
"??? ??.png","D:\?????? ???? ??\sevennight_guild_web\asset\?? ??\??? ??\??? ??\??(???)\skills"
"??? ??.png","D:\?????? ???? ??\sevennight_guild_web\asset\?? ??\??? ??\??? ??\??(???)\skills"
"??? ??.png","D:\?????? ???? ??\sevennight_guild_web\asset\?? ??\??? ??\??? ??\??(???)\skills"
"???_???.webp","D:\?????? ???? ??\sevennight_guild_web\asset\?? ??\??? ??\??? ?\???(???)"
"??? ???.png","D:\?????? ???? ??\sevennight_guild_web\asset\?? ??\??? ??\??? ?\???(???)\skills"
"?? ??.png","D:\?????? ???? ??\sevennight_guild_web\asset\?? ??\??? ??\??? ?\???(???)\skills"
"???.json","D:\?????? ???? ??\sevennight_guild_web\asset\?? ??\??? ??\??? ?\???(???)\skills"
"???.png","D:\?????? ???? ??\sevennight_guild_web\asset\?? ??\??? ??\??? ?\???(???)\skills"
"???.png","D:\?????? ???? ??\sevennight_guild_web\asset\?? ??\??? ??\??? ?\???(???)\skills"
"??_???.png","D:\?????? ???? ??\sevennight_guild_web\asset\?? ??\??? ??\??? ?\??(???)"
"?? ??.webp","D:\?????? ???? ??\sevennight_guild_web\asset\?? ??\??? ??\??? ?\??(???)\skills"
"????.png","D:\?????? ???? ??\sevennight_guild_web\asset\?? ??\??? ??\??? ?\??(???)\skills"
"??.json","D:\?????? ???? ??\sevennight_guild_web\asset\?? ??\??? ??\??? ?\??(???)\skills"
"??.png","D:\?????? ???? ??\sevennight_guild_web\asset\?? ??\??? ??\??? ?\??(???)\skills"
"????.png","D:\?????? ???? ??\sevennight_guild_web\asset\?? ??\??? ??\??? ?\??(???)\skills"
"??_???.png","D:\?????? ???? ??\sevennight_guild_web\asset\?? ??\??? ??\??? ?\??(???)"
"?? ??.png","D:\?????? ???? ??\sevennight_guild_web\asset\?? ??\??? ??\??? ?\??(???)\skills"
"??? ??.png","D:\?????? ???? ??\sevennight_guild_web\asset\?? ??\??? ??\??? ?\??(???)\skills"
"??.json","D:\?????? ???? ??\sevennight_guild_web\asset\?? ??\??? ??\??? ?\??(???)\skills"
"????.png","D:\?????? ???? ??\sevennight_guild_web\asset\?? ??\??? ??\??? ?\??(???)\skills"
"???.png","D:\?????? ???? ??\sevennight_guild_web\asset\?? ??\??? ??\??? ?\??(???)\skills"
"?_???.png","D:\?????? ???? ??\sevennight_guild_web\asset\?? ??\??? ??\??? ?\?(???)"
"?? ???.png","D:\?????? ???? ??\sevennight_guild_web\asset\?? ??\??? ??\??? ?\?(???)\skills"
"?? ??.png","D:\?????? ???? ??\sevennight_guild_web\asset\?? ??\??? ??\??? ?\?(???)\skills"
"??? ??.png","D:\?????? ???? ??\sevennight_guild_web\asset\?? ??\??? ??\??? ?\?(???)\skills"
"?-???.png","D:\?????? ???? ??\sevennight_guild_web\asset\?? ??\??? ??\??? ?\?(???)\skills"
"?.json","D:\?????? ???? ??\sevennight_guild_web\asset\?? ??\??? ??\??? ?\?(???)\skills"
"??_???.png","D:\?????? ???? ??\sevennight_guild_web\asset\?? ??\??? ??\??? ?\??(???)"
"?? ??.png","D:\?????? ???? ??\sevennight_guild_web\asset\?? ??\??? ??\??? ?\??(???)\skills"
"???? ??.png","D:\?????? ???? ??\sevennight_guild_web\asset\?? ??\??? ??\??? ?\??(???)\skills"
"?? ???.png","D:\?????? ???? ??\sevennight_guild_web\asset\?? ??\??? ??\??? ?\??(???)\skills"
"?? ??.png","D:\?????? ???? ??\sevennight_guild_web\asset\?? ??\??? ??\??? ?\??(???)\skills"
"??.json","D:\?????? ???? ??\sevennight_guild_web\asset\?? ??\??? ??\??? ?\??(???)\skills"
"??_???.png","D:\?????? ???? ??\sevennight_guild_web\asset\?? ??\??? ??\????\??(???)"
"??.json","D:\?????? ???? ??\sevennight_guild_web\asset\?? ??\??? ??\????\??(???)\skills"
"?? ??.png","D:\?????? ???? ??\sevennight_guild_web\asset\?? ??\??? ??\????\??(???)\skills"
"????.png","D:\?????? ???? ??\sevennight_guild_web\asset\?? ??\??? ??\????\??(???)\skills"
"????.png","D:\?????? ???? ??\sevennight_guild_web\asset\?? ??\??? ??\????\??(???)\skills"
"?????.png","D:\?????? ???? ??\sevennight_guild_web\asset\?? ??\??? ??\????\??(???)\skills"
"??_???.png","D:\?????? ???? ??\sevennight_guild_web\asset\?? ??\??? ??\????\??(???)"
"?? ??.webp","D:\?????? ???? ??\sevennight_guild_web\asset\?? ??\??? ??\????\??(???)\skills"
"??.json","D:\?????? ???? ??\sevennight_guild_web\asset\?? ??\??? ??\????\??(???)\skills"
"?????.webp","D:\?????? ???? ??\sevennight_guild_web\asset\?? ??\??? ??\????\??(???)\skills"
"????.png","D:\?????? ???? ??\sevennight_guild_web\asset\?? ??\??? ??\????\??(???)\skills"
"?? ???.png","D:\?????? ???? ??\sevennight_guild_web\asset\?? ??\??? ??\????\??(???)\skills"
"??_???.png","D:\?????? ???? ??\sevennight_guild_web\asset\?? ??\??? ??\????\??(???)"
"?? ??.png","D:\?????? ???? ??\sevennight_guild_web\asset\?? ??\??? ??\????\??(???)\skills"
"??? ??.png","D:\?????? ???? ??\sevennight_guild_web\asset\?? ??\??? ??\????\??(???)\skills"
"???.png","D:\?????? ???? ??\sevennight_guild_web\asset\?? ??\??? ??\????\??(???)\skills"
"??.json","D:\?????? ???? ??\sevennight_guild_web\asset\?? ??\??? ??\????\??(???)\skills"
"??? ??.png","D:\?????? ???? ??\sevennight_guild_web\asset\?? ??\??? ??\????\??(???)\skills"
"??_???.png","D:\?????? ???? ??\sevennight_guild_web\asset\?? ??\??? ??\??\??(???)"
"?? ??.png","D:\?????? ???? ??\sevennight_guild_web\asset\?? ??\??? ??\??\??(???)\??"
"?? ?? ??.json","D:\?????? ???? ??\sevennight_guild_web\asset\?? ??\??? ??\??\??(???)\??"
"??? ??.png","D:\?????? ???? ??\sevennight_guild_web\asset\?? ??\??? ??\??\??(???)\??"
"??? ??.png","D:\?????? ???? ??\sevennight_guild_web\asset\?? ??\??? ??\??\??(???)\??"
"??? ???.png","D:\?????? ???? ??\sevennight_guild_web\asset\?? ??\??? ??\??\??(???)\??"
"??? ??.png","D:\?????? ???? ??\sevennight_guild_web\asset\?? ??\??? ??\??\??(???)\??"
"???_???.png","D:\?????? ???? ??\sevennight_guild_web\asset\?? ??\??? ??\??? ???\???(???)"
"?? ??.png","D:\?????? ???? ??\sevennight_guild_web\asset\?? ??\??? ??\??? ???\???(???)\skills"
"???.json","D:\?????? ???? ??\sevennight_guild_web\asset\?? ??\??? ??\??? ???\???(???)\skills"
"??? ??.png","D:\?????? ???? ??\sevennight_guild_web\asset\?? ??\??? ??\??? ???\???(???)\skills"
"??? ??.png","D:\?????? ???? ??\sevennight_guild_web\asset\?? ??\??? ??\??? ???\???(???)\skills"
"??? ???.png","D:\?????? ???? ??\sevennight_guild_web\asset\?? ??\??? ??\??? ???\???(???)\skills"
"???_???.png","D:\?????? ???? ??\sevennight_guild_web\asset\?? ??\??? ??\??? ???\???(???)"
"?? ??.png","D:\?????? ???? ??\sevennight_guild_web\asset\?? ??\??? ??\??? ???\???(???)\skills"
"??? ?.png","D:\?????? ???? ??\sevennight_guild_web\asset\?? ??\??? ??\??? ???\???(???)\skills"
"??? ??.png","D:\?????? ???? ??\sevennight_guild_web\asset\?? ??\??? ??\??? ???\???(???)\skills"
"??? ??.png","D:\?????? ???? ??\sevennight_guild_web\asset\?? ??\??? ??\??? ???\???(???)\skills"
"???.json","D:\?????? ???? ??\sevennight_guild_web\asset\?? ??\??? ??\??? ???\???(???)\skills"
"??_???.png","D:\?????? ???? ??\sevennight_guild_web\asset\?? ??\??? ??\??? ? ??\??(???)"
"?? ??.png","D:\?????? ???? ??\sevennight_guild_web\asset\?? ??\??? ??\??? ? ??\??(???)\skills"
"??.json","D:\?????? ???? ??\sevennight_guild_web\asset\?? ??\??? ??\??? ? ??\??(???)\skills"
"??? ??.png","D:\?????? ???? ??\sevennight_guild_web\asset\?? ??\??? ??\??? ? ??\??(???)\skills"
"????.png","D:\?????? ???? ??\sevennight_guild_web\asset\?? ??\??? ??\??? ? ??\??(???)\skills"
"????.png","D:\?????? ???? ??\sevennight_guild_web\asset\?? ??\??? ??\??? ? ??\??(???)\skills"
"??_???.png","D:\?????? ???? ??\sevennight_guild_web\asset\?? ??\??? ??\??? ? ??\??(???)"
"?? ??.png","D:\?????? ???? ??\sevennight_guild_web\asset\?? ??\??? ??\??? ? ??\??(???)\skills"
"????.png","D:\?????? ???? ??\sevennight_guild_web\asset\?? ??\??? ??\??? ? ??\??(???)\skills"
"??.json","D:\?????? ???? ??\sevennight_guild_web\asset\?? ??\??? ??\??? ? ??\??(???)\skills"
"????.png","D:\?????? ???? ??\sevennight_guild_web\asset\?? ??\??? ??\??? ? ??\??(???)\skills"
"??? ??.png","D:\?????? ???? ??\sevennight_guild_web\asset\?? ??\??? ??\??? ? ??\??(???)\skills"
"??_???.png","D:\?????? ???? ??\sevennight_guild_web\asset\?? ??\??? ??\??? ? ??\??(???)"
"????.png","D:\?????? ???? ??\sevennight_guild_web\asset\?? ??\??? ??\??? ? ??\??(???)\skills"
"?? ??.png","D:\?????? ???? ??\sevennight_guild_web\asset\?? ??\??? ??\??? ? ??\??(???)\skills"
"??.json","D:\?????? ???? ??\sevennight_guild_web\asset\?? ??\??? ??\??? ? ??\??(???)\skills"
"????.png","D:\?????? ???? ??\sevennight_guild_web\asset\?? ??\??? ??\??? ? ??\??(???)\skills"
"??? ??.png","D:\?????? ???? ??\sevennight_guild_web\asset\?? ??\??? ??\??? ? ??\??(???)\skills"
"??_???.png","D:\?????? ???? ??\sevennight_guild_web\asset\?? ??\??? ??\??? ? ??\??(???)"
"?? ??.png","D:\?????? ???? ??\sevennight_guild_web\asset\?? ??\??? ??\??? ? ??\??(???)\skills"
"??.json","D:\?????? ???? ??\sevennight_guild_web\asset\?? ??\??? ??\??? ? ??\??(???)\skills"
"????.png","D:\?????? ???? ??\sevennight_guild_web\asset\?? ??\??? ??\??? ? ??\??(???)\skills"
"??? ??.png","D:\?????? ???? ??\sevennight_guild_web\asset\?? ??\??? ??\??? ? ??\??(???)\skills"
"????.png","D:\?????? ???? ??\sevennight_guild_web\asset\?? ??\??? ??\??? ? ??\??(???)\skills"
"??_???.png","D:\?????? ???? ??\sevennight_guild_web\asset\?? ??\??? ??\??? ? ??\??(???)"
"?? ??.png","D:\?????? ???? ??\sevennight_guild_web\asset\?? ??\??? ??\??? ? ??\??(???)\skills"
"?? ???.png","D:\?????? ???? ??\sevennight_guild_web\asset\?? ??\??? ??\??? ? ??\??(???)\skills"
"??.png","D:\?????? ???? ??\sevennight_guild_web\asset\?? ??\??? ??\??? ? ??\??(???)\skills"
"??? ???.png","D:\?????? ???? ??\sevennight_guild_web\asset\?? ??\??? ??\??? ? ??\??(???)\skills"
"??.json","D:\?????? ???? ??\sevennight_guild_web\asset\?? ??\??? ??\??? ? ??\??(???)\skills"
"??_???.png","D:\?????? ???? ??\sevennight_guild_web\asset\?? ??\??? ??\??? ? ??\??(???)"
"???.png","D:\?????? ???? ??\sevennight_guild_web\asset\?? ??\??? ??\??? ? ??\??(???)\skills"
"?? ??.png","D:\?????? ???? ??\sevennight_guild_web\asset\?? ??\??? ??\??? ? ??\??(???)\skills"
"??.json","D:\?????? ???? ??\sevennight_guild_web\asset\?? ??\??? ??\??? ? ??\??(???)\skills"
"????.png","D:\?????? ???? ??\sevennight_guild_web\asset\?? ??\??? ??\??? ? ??\??(???)\skills"
"?????.png","D:\?????? ???? ??\sevennight_guild_web\asset\?? ??\??? ??\??? ? ??\??(???)\skills"
"??_???.png","D:\?????? ???? ??\sevennight_guild_web\asset\?? ??\??? ??\??? ? ??\??(???)"
"?? ??.png","D:\?????? ???? ??\sevennight_guild_web\asset\?? ??\??? ??\??? ? ??\??(???)\skills"
"??.json","D:\?????? ???? ??\sevennight_guild_web\asset\?? ??\??? ??\??? ? ??\??(???)\skills"
"????.png","D:\?????? ???? ??\sevennight_guild_web\asset\?? ??\??? ??\??? ? ??\??(???)\skills"
"?????.png","D:\?????? ???? ??\sevennight_guild_web\asset\?? ??\??? ??\??? ? ??\??(???)\skills"
"??? ??.png","D:\?????? ???? ??\sevennight_guild_web\asset\?? ??\??? ??\??? ? ??\??(???)\skills"
"??_???.png","D:\?????? ???? ??\sevennight_guild_web\asset\?? ??\??? ??\??? ? ??\??(???)"
"?? ??.png","D:\?????? ???? ??\sevennight_guild_web\asset\?? ??\??? ??\??? ? ??\??(???)\skills"
"? ???.png","D:\?????? ???? ??\sevennight_guild_web\asset\?? ??\??? ??\??? ? ??\??(???)\skills"
"??.json","D:\?????? ???? ??\sevennight_guild_web\asset\?? ??\??? ??\??? ? ??\??(???)\skills"
"?? ??.png","D:\?????? ???? ??\sevennight_guild_web\asset\?? ??\??? ??\??? ? ??\??(???)\skills"
"??.png","D:\?????? ???? ??\sevennight_guild_web\asset\?? ??\??? ??\??? ? ??\??(???)\skills"
"??_???.png","D:\?????? ???? ??\sevennight_guild_web\asset\?? ??\??? ??\??? ? ??\??(???)"
"?? ??.png","D:\?????? ???? ??\sevennight_guild_web\asset\?? ??\??? ??\??? ? ??\??(???)\skills"
"????.png","D:\?????? ???? ??\sevennight_guild_web\asset\?? ??\??? ??\??? ? ??\??(???)\skills"
"?? ??.png","D:\?????? ???? ??\sevennight_guild_web\asset\?? ??\??? ??\??? ? ??\??(???)\skills"
"????.png","D:\?????? ???? ??\sevennight_guild_web\asset\?? ??\??? ??\??? ? ??\??(???)\skills"
"??.json","D:\?????? ???? ??\sevennight_guild_web\asset\?? ??\??? ??\??? ? ??\??(???)\skills"
"????_???.png","D:\?????? ???? ??\sevennight_guild_web\asset\?? ??\????\????\????(???)"
"?? ??.png","D:\?????? ???? ??\sevennight_guild_web\asset\?? ??\????\????\????(???)\skills"
"????.json","D:\?????? ???? ??\sevennight_guild_web\asset\?? ??\????\????\????(???)\skills"
"??? ?.png","D:\?????? ???? ??\sevennight_guild_web\asset\?? ??\????\????\????(???)\skills"
"??? ???.png","D:\?????? ???? ??\sevennight_guild_web\asset\?? ??\????\????\????(???)\skills"
"????_???.png","D:\?????? ???? ??\sevennight_guild_web\asset\?? ??\????\????\????(???)"
"?? ??.png","D:\?????? ???? ??\sevennight_guild_web\asset\?? ??\????\????\????(???)\skills"
"?? ??.png","D:\?????? ???? ??\sevennight_guild_web\asset\?? ??\????\????\????(???)\skills"
"???? ??.png","D:\?????? ???? ??\sevennight_guild_web\asset\?? ??\????\????\????(???)\skills"
"??? ???.png","D:\?????? ???? ??\sevennight_guild_web\asset\?? ??\????\????\????(???)\skills"
"????.json","D:\?????? ???? ??\sevennight_guild_web\asset\?? ??\????\????\????(???)\skills"
"??_???.png","D:\?????? ???? ??\sevennight_guild_web\asset\?? ??\????\????\??(???)"
"?? ??.png","D:\?????? ???? ??\sevennight_guild_web\asset\?? ??\????\????\??(???)\skills"
"??? ???.png","D:\?????? ???? ??\sevennight_guild_web\asset\?? ??\????\????\??(???)\skills"
"??? ??.png","D:\?????? ???? ??\sevennight_guild_web\asset\?? ??\????\????\??(???)\skills"
"??.json","D:\?????? ???? ??\sevennight_guild_web\asset\?? ??\????\????\??(???)\skills"
"??? ???.png","D:\?????? ???? ??\sevennight_guild_web\asset\?? ??\????\????\??(???)\skills"
"??_???.png","D:\?????? ???? ??\sevennight_guild_web\asset\?? ??\????\????\??(???)"
"?? ??.png","D:\?????? ???? ??\sevennight_guild_web\asset\?? ??\????\????\??(???)\skills"
"?? ??.png","D:\?????? ???? ??\sevennight_guild_web\asset\?? ??\????\????\??(???)\skills"
"??.png","D:\?????? ???? ??\sevennight_guild_web\asset\?? ??\????\????\??(???)\skills"
"??.png","D:\?????? ???? ??\sevennight_guild_web\asset\?? ??\????\????\??(???)\skills"
"??.json","D:\?????? ???? ??\sevennight_guild_web\asset\?? ??\????\????\??(???)\skills"
"??_???.png","D:\?????? ???? ??\sevennight_guild_web\asset\?? ??\????\???\??(???)"
"?? ??.png","D:\?????? ???? ??\sevennight_guild_web\asset\?? ??\????\???\??(???)\skills"
"??.json","D:\?????? ???? ??\sevennight_guild_web\asset\?? ??\????\???\??(???)\skills"
"???.png","D:\?????? ???? ??\sevennight_guild_web\asset\?? ??\????\???\??(???)\skills"
"??? ???.png","D:\?????? ???? ??\sevennight_guild_web\asset\?? ??\????\???\??(???)\skills"
"????.png","D:\?????? ???? ??\sevennight_guild_web\asset\?? ??\????\???\??(???)\skills"
"???_???.png","D:\?????? ???? ??\sevennight_guild_web\asset\?? ??\????\???\???(???)"
"?? ??.png","D:\?????? ???? ??\sevennight_guild_web\asset\?? ??\????\???\???(???)\skills"
"???.png","D:\?????? ???? ??\sevennight_guild_web\asset\?? ??\????\???\???(???)\skills"
"???.json","D:\?????? ???? ??\sevennight_guild_web\asset\?? ??\????\???\???(???)\skills"
"??? ??.png","D:\?????? ???? ??\sevennight_guild_web\asset\?? ??\????\???\???(???)\skills"
"??? ??.png","D:\?????? ???? ??\sevennight_guild_web\asset\?? ??\????\???\???(???)\skills"
"????_???.png","D:\?????? ???? ??\sevennight_guild_web\asset\?? ??\????\???\????(???)"
"?? ??.png","D:\?????? ???? ??\sevennight_guild_web\asset\?? ??\????\???\????(???)\skills"
"?? ??.png","D:\?????? ???? ??\sevennight_guild_web\asset\?? ??\????\???\????(???)\skills"
"????.json","D:\?????? ???? ??\sevennight_guild_web\asset\?? ??\????\???\????(???)\skills"
"?? ??.png","D:\?????? ???? ??\sevennight_guild_web\asset\?? ??\????\???\????(???)\skills"
"???? ??.png","D:\?????? ???? ??\sevennight_guild_web\asset\?? ??\????\???\????(???)\skills"
"??_???.png","D:\?????? ???? ??\sevennight_guild_web\asset\?? ??\????\???\??(???)"
"??? ??.png","D:\?????? ???? ??\sevennight_guild_web\asset\?? ??\????\???\??(???)\skills"
"?? ??.png","D:\?????? ???? ??\sevennight_guild_web\asset\?? ??\????\???\??(???)\skills"
"??.json","D:\?????? ???? ??\sevennight_guild_web\asset\?? ??\????\???\??(???)\skills"
"????.png","D:\?????? ???? ??\sevennight_guild_web\asset\?? ??\????\???\??(???)\skills"
"??? ??.png","D:\?????? ???? ??\sevennight_guild_web\asset\?? ??\????\???\??(???)\skills"
"???_???.png","D:\?????? ???? ??\sevennight_guild_web\asset\?? ??\????\???\???(???)"
"?? ??.png","D:\?????? ???? ??\sevennight_guild_web\asset\?? ??\????\???\???(???)\skills"
"??? ??.png","D:\?????? ???? ??\sevennight_guild_web\asset\?? ??\????\???\???(???)\skills"
"??? ??.png","D:\?????? ???? ??\sevennight_guild_web\asset\?? ??\????\???\???(???)\skills"
"???.json","D:\?????? ???? ??\sevennight_guild_web\asset\?? ??\????\???\???(???)\skills"
"??? ??.png","D:\?????? ???? ??\sevennight_guild_web\asset\?? ??\????\???\???(???)\skills"
"??_???.png","D:\?????? ???? ??\sevennight_guild_web\asset\?? ??\????\???\??(???)"
"?? ??.png","D:\?????? ???? ??\sevennight_guild_web\asset\?? ??\????\???\??(???)\skills"
"?? ??.png","D:\?????? ???? ??\sevennight_guild_web\asset\?? ??\????\???\??(???)\skills"
"??.json","D:\?????? ???? ??\sevennight_guild_web\asset\?? ??\????\???\??(???)\skills"
"????.png","D:\?????? ???? ??\sevennight_guild_web\asset\?? ??\????\???\??(???)\skills"
"??? ??.png","D:\?????? ???? ??\sevennight_guild_web\asset\?? ??\????\???\??(???)\skills"
"??_???.png","D:\?????? ???? ??\sevennight_guild_web\asset\?? ??\????\???\??(???)"
"?? ??.png","D:\?????? ???? ??\sevennight_guild_web\asset\?? ??\????\???\??(???)\skills"
"??? ??.png","D:\?????? ???? ??\sevennight_guild_web\asset\?? ??\????\???\??(???)\skills"
"??? ??.png","D:\?????? ???? ??\sevennight_guild_web\asset\?? ??\????\???\??(???)\skills"
"??? ??.png","D:\?????? ???? ??\sevennight_guild_web\asset\?? ??\????\???\??(???)\skills"
"??.json","D:\?????? ???? ??\sevennight_guild_web\asset\?? ??\????\???\??(???)\skills"
"??_???.png","D:\?????? ???? ??\sevennight_guild_web\asset\?? ??\????\????\??(???)"
"100? ??.png","D:\?????? ???? ??\sevennight_guild_web\asset\?? ??\????\????\??(???)\skills"
"?? ??.png","D:\?????? ???? ??\sevennight_guild_web\asset\?? ??\????\????\??(???)\skills"
"??.json","D:\?????? ???? ??\sevennight_guild_web\asset\?? ??\????\????\??(???)\skills"
"?? ??.png","D:\?????? ???? ??\sevennight_guild_web\asset\?? ??\????\????\??(???)\skills"
"?? ??.png","D:\?????? ???? ??\sevennight_guild_web\asset\?? ??\????\????\??(???)\skills"
"??_???.png","D:\?????? ???? ??\sevennight_guild_web\asset\?? ??\????\????\??(???)"
"??? ??.png","D:\?????? ???? ??\sevennight_guild_web\asset\?? ??\????\????\??(???)\skills"
"?? ??.png","D:\?????? ???? ??\sevennight_guild_web\asset\?? ??\????\????\??(???)\skills"
"???.png","D:\?????? ???? ??\sevennight_guild_web\asset\?? ??\????\????\??(???)\skills"
"??.json","D:\?????? ???? ??\sevennight_guild_web\asset\?? ??\????\????\??(???)\skills"
"?? ??.png","D:\?????? ???? ??\sevennight_guild_web\asset\?? ??\????\????\??(???)\skills"
"??_???.png","D:\?????? ???? ??\sevennight_guild_web\asset\?? ??\????\????\??(???)"
"?? ??.png","D:\?????? ???? ??\sevennight_guild_web\asset\?? ??\????\????\??(???)\skills"
"?? ??.png","D:\?????? ???? ??\sevennight_guild_web\asset\?? ??\????\????\??(???)\skills"
"??.json","D:\?????? ???? ??\sevennight_guild_web\asset\?? ??\????\????\??(???)\skills"
"??? ?.png","D:\?????? ???? ??\sevennight_guild_web\asset\?? ??\????\????\??(???)\skills"
"????_???.png","D:\?????? ???? ??\sevennight_guild_web\asset\?? ??\????\????\????(???)"
"?? ??.png","D:\?????? ???? ??\sevennight_guild_web\asset\?? ??\????\????\????(???)\skills"
"?? ??.png","D:\?????? ???? ??\sevennight_guild_web\asset\?? ??\????\????\????(???)\skills"
"?? ??.png","D:\?????? ???? ??\sevennight_guild_web\asset\?? ??\????\????\????(???)\skills"
"????.json","D:\?????? ???? ??\sevennight_guild_web\asset\?? ??\????\????\????(???)\skills"
"???.png","D:\?????? ???? ??\sevennight_guild_web\asset\?? ??\????\????\????(???)\skills"
"??_???.png","D:\?????? ???? ??\sevennight_guild_web\asset\?? ??\????\????\??(???)"
"?? ??.png","D:\?????? ???? ??\sevennight_guild_web\asset\?? ??\????\????\??(???)\skills"
"?? ??.png","D:\?????? ???? ??\sevennight_guild_web\asset\?? ??\????\????\??(???)\skills"
"????(???).png","D:\?????? ???? ??\sevennight_guild_web\asset\?? ??\????\????\??(???)\skills"
"????(???).png","D:\?????? ???? ??\sevennight_guild_web\asset\?? ??\????\????\??(???)\skills"
"??.json","D:\?????? ???? ??\sevennight_guild_web\asset\?? ??\????\????\??(???)\skills"
"?_???.png","D:\?????? ???? ??\sevennight_guild_web\asset\?? ??\????\?????\?(???)"
"????.png","D:\?????? ???? ??\sevennight_guild_web\asset\?? ??\????\?????\?(???)\skills"
"?? ??.png","D:\?????? ???? ??\sevennight_guild_web\asset\?? ??\????\?????\?(???)\skills"
"?.json","D:\?????? ???? ??\sevennight_guild_web\asset\?? ??\????\?????\?(???)\skills"
"??? ??.png","D:\?????? ???? ??\sevennight_guild_web\asset\?? ??\????\?????\?(???)\skills"
"?????.png","D:\?????? ???? ??\sevennight_guild_web\asset\?? ??\????\?????\?(???)\skills"
"???_???.png","D:\?????? ???? ??\sevennight_guild_web\asset\?? ??\????\?????\???(???)"
"?? ??.png","D:\?????? ???? ??\sevennight_guild_web\asset\?? ??\????\?????\???(???)\skills"
"??.png","D:\?????? ???? ??\sevennight_guild_web\asset\?? ??\????\?????\???(???)\skills"
"???.png","D:\?????? ???? ??\sevennight_guild_web\asset\?? ??\????\?????\???(???)\skills"
"?? ??.png","D:\?????? ???? ??\sevennight_guild_web\asset\?? ??\????\?????\???(???)\skills"
"???.json","D:\?????? ???? ??\sevennight_guild_web\asset\?? ??\????\?????\???(???)\skills"
"???_???.png","D:\?????? ???? ??\sevennight_guild_web\asset\?? ??\????\?????\???(???)"
"?? ??.png","D:\?????? ???? ??\sevennight_guild_web\asset\?? ??\????\?????\???(???)\skills"
"??? ?.png","D:\?????? ???? ??\sevennight_guild_web\asset\?? ??\????\?????\???(???)\skills"
"?? ??.png","D:\?????? ???? ??\sevennight_guild_web\asset\?? ??\????\?????\???(???)\skills"
"?? ??.png","D:\?????? ???? ??\sevennight_guild_web\asset\?? ??\????\?????\???(???)\skills"
"???.json","D:\?????? ???? ??\sevennight_guild_web\asset\?? ??\????\?????\???(???)\skills"
"??_???.png","D:\?????? ???? ??\sevennight_guild_web\asset\?? ??\????\?????\??(???)"
"??? ??.png","D:\?????? ???? ??\sevennight_guild_web\asset\?? ??\????\?????\??(???)\skills"
"?? ??.png","D:\?????? ???? ??\sevennight_guild_web\asset\?? ??\????\?????\??(???)\skills"
"??.json","D:\?????? ???? ??\sevennight_guild_web\asset\?? ??\????\?????\??(???)\skills"
"?? ??.png","D:\?????? ???? ??\sevennight_guild_web\asset\?? ??\????\?????\??(???)\skills"
"??.png","D:\?????? ???? ??\sevennight_guild_web\asset\?? ??\????\?????\??(???)\skills"
"??_???.png","D:\?????? ???? ??\sevennight_guild_web\asset\?? ??\????\?????\??(???)"
"?? ??.png","D:\?????? ???? ??\sevennight_guild_web\asset\?? ??\????\?????\??(???)\skills"
"??? ??.png","D:\?????? ???? ??\sevennight_guild_web\asset\?? ??\????\?????\??(???)\skills"
"??? ??.png","D:\?????? ???? ??\sevennight_guild_web\asset\?? ??\????\?????\??(???)\skills"
"??.json","D:\?????? ???? ??\sevennight_guild_web\asset\?? ??\????\?????\??(???)\skills"
"?? ??.png","D:\?????? ???? ??\sevennight_guild_web\asset\?? ??\????\?????\??(???)\skills"
"??_???.png","D:\?????? ???? ??\sevennight_guild_web\asset\?? ??\????\?????\??(???)"
"?? ??.png","D:\?????? ???? ??\sevennight_guild_web\asset\?? ??\????\?????\??(???)\skills"
"??.json","D:\?????? ???? ??\sevennight_guild_web\asset\?? ??\????\?????\??(???)\skills"
"??? ?????.png","D:\?????? ???? ??\sevennight_guild_web\asset\?? ??\????\?????\??(???)\skills"
"??? ??.png","D:\?????? ???? ??\sevennight_guild_web\asset\?? ??\????\?????\??(???)\skills"
"??? ??.png","D:\?????? ???? ??\sevennight_guild_web\asset\?? ??\????\?????\??(???)\skills"
"??_???.png","D:\?????? ???? ??\sevennight_guild_web\asset\?? ??\????\?????\??(???)"
"?? ??.png","D:\?????? ???? ??\sevennight_guild_web\asset\?? ??\????\?????\??(???)\skills"
"?? ?.png","D:\?????? ???? ??\sevennight_guild_web\asset\?? ??\????\?????\??(???)\skills"
"??.png","D:\?????? ???? ??\sevennight_guild_web\asset\?? ??\????\?????\??(???)\skills"
"??.png","D:\?????? ???? ??\sevennight_guild_web\asset\?? ??\????\?????\??(???)\skills"
"????.png","D:\?????? ???? ??\sevennight_guild_web\asset\?? ??\????\?????\??(???)\skills"
"??.json","D:\?????? ???? ??\sevennight_guild_web\asset\?? ??\????\?????\??(???)\skills"
"??_???.png","D:\?????? ???? ??\sevennight_guild_web\asset\?? ??\????\?????\??(???)"
"?? ??.png","D:\?????? ???? ??\sevennight_guild_web\asset\?? ??\????\?????\??(???)\skills"
"??.png","D:\?????? ???? ??\sevennight_guild_web\asset\?? ??\????\?????\??(???)\skills"
"??? ??.png","D:\?????? ???? ??\sevennight_guild_web\asset\?? ??\????\?????\??(???)\skills"
"??.json","D:\?????? ???? ??\sevennight_guild_web\asset\?? ??\????\?????\??(???)\skills"
"??.png","D:\?????? ???? ??\sevennight_guild_web\asset\?? ??\????\?????\??(???)\skills"
"????(??)_???.png","D:\?????? ???? ??\sevennight_guild_web\asset\?? ??\????\?????\????(???)(??)"
"?? ??.png","D:\?????? ???? ??\sevennight_guild_web\asset\?? ??\????\?????\????(???)(??)\skills"
"?? ??.png","D:\?????? ???? ??\sevennight_guild_web\asset\?? ??\????\?????\????(???)(??)\skills"
"?? ??.png","D:\?????? ???? ??\sevennight_guild_web\asset\?? ??\????\?????\????(???)(??)\skills"
"??? ??.png","D:\?????? ???? ??\sevennight_guild_web\asset\?? ??\????\?????\????(???)(??)\skills"
"????(??).json","D:\?????? ???? ??\sevennight_guild_web\asset\?? ??\????\?????\????(???)(??)\skills"
"????(??)_???.png","D:\?????? ???? ??\sevennight_guild_web\asset\?? ??\????\?????\????(???)(??)"
"??? ??.png","D:\?????? ???? ??\sevennight_guild_web\asset\?? ??\????\?????\????(???)(??)\skills"
"?? ??.png","D:\?????? ???? ??\sevennight_guild_web\asset\?? ??\????\?????\????(???)(??)\skills"
"???? ??.png","D:\?????? ???? ??\sevennight_guild_web\asset\?? ??\????\?????\????(???)(??)\skills"
"??? ??.png","D:\?????? ???? ??\sevennight_guild_web\asset\?? ??\????\?????\????(???)(??)\skills"
"??? ?.png","D:\?????? ???? ??\sevennight_guild_web\asset\?? ??\????\?????\????(???)(??)\skills"
"????(??).json","D:\?????? ???? ??\sevennight_guild_web\asset\?? ??\????\?????\????(???)(??)\skills"
"??_???.png","D:\?????? ???? ??\sevennight_guild_web\asset\?? ??\????\????\??(???)"
"?? ??.png","D:\?????? ???? ??\sevennight_guild_web\asset\?? ??\????\????\??(???)\skills"
"??.json","D:\?????? ???? ??\sevennight_guild_web\asset\?? ??\????\????\??(???)\skills"
"??? ??.png","D:\?????? ???? ??\sevennight_guild_web\asset\?? ??\????\????\??(???)\skills"
"??? ?? ?.png","D:\?????? ???? ??\sevennight_guild_web\asset\?? ??\????\????\??(???)\skills"
"??? ??.png","D:\?????? ???? ??\sevennight_guild_web\asset\?? ??\????\????\??(???)\skills"
"??_???.png","D:\?????? ???? ??\sevennight_guild_web\asset\?? ??\????\????\??(???)"
"?? ??.png","D:\?????? ???? ??\sevennight_guild_web\asset\?? ??\????\????\??(???)\skills"
"??.json","D:\?????? ???? ??\sevennight_guild_web\asset\?? ??\????\????\??(???)\skills"
"???.png","D:\?????? ???? ??\sevennight_guild_web\asset\?? ??\????\????\??(???)\skills"
"????.png","D:\?????? ???? ??\sevennight_guild_web\asset\?? ??\????\????\??(???)\skills"
"????.png","D:\?????? ???? ??\sevennight_guild_web\asset\?? ??\????\????\??(???)\skills"
"?_???.png","D:\?????? ???? ??\sevennight_guild_web\asset\?? ??\????\????\?(???)"
"?? ??.png","D:\?????? ???? ??\sevennight_guild_web\asset\?? ??\????\????\?(???)\skills"
"?? ??.png","D:\?????? ???? ??\sevennight_guild_web\asset\?? ??\????\????\?(???)\skills"
"?.json","D:\?????? ???? ??\sevennight_guild_web\asset\?? ??\????\????\?(???)\skills"
"?? ???.png","D:\?????? ???? ??\sevennight_guild_web\asset\?? ??\????\????\?(???)\skills"
"??.png","D:\?????? ???? ??\sevennight_guild_web\asset\?? ??\????\????\?(???)\skills"
"??_???.png","D:\?????? ???? ??\sevennight_guild_web\asset\?? ??\????\????\??(???)"
"?? ??.png","D:\?????? ???? ??\sevennight_guild_web\asset\?? ??\????\????\??(???)\skills"
"??.json","D:\?????? ???? ??\sevennight_guild_web\asset\?? ??\????\????\??(???)\skills"
"??? ??.png","D:\?????? ???? ??\sevennight_guild_web\asset\?? ??\????\????\??(???)\skills"
"??.png","D:\?????? ???? ??\sevennight_guild_web\asset\?? ??\????\????\??(???)\skills"
"??? ?.png","D:\?????? ???? ??\sevennight_guild_web\asset\?? ??\????\????\??(???)\skills"
"???_???.png","D:\?????? ???? ??\sevennight_guild_web\asset\?? ??\????\????\???(???)"
"?? ??.png","D:\?????? ???? ??\sevennight_guild_web\asset\?? ??\????\????\???(???)\skills"
"????? ??.png","D:\?????? ???? ??\sevennight_guild_web\asset\?? ??\????\????\???(???)\skills"
"?? ??.png","D:\?????? ???? ??\sevennight_guild_web\asset\?? ??\????\????\???(???)\skills"
"???.json","D:\?????? ???? ??\sevennight_guild_web\asset\?? ??\????\????\???(???)\skills"
"?? ??.png","D:\?????? ???? ??\sevennight_guild_web\asset\?? ??\????\????\???(???)\skills"
"???_???.png","D:\?????? ???? ??\sevennight_guild_web\asset\?? ??\????\????\???(???)"
"?? ??.png","D:\?????? ???? ??\sevennight_guild_web\asset\?? ??\????\????\???(???)\skills"
"??? ??.png","D:\?????? ???? ??\sevennight_guild_web\asset\?? ??\????\????\???(???)\skills"
"???.json","D:\?????? ???? ??\sevennight_guild_web\asset\?? ??\????\????\???(???)\skills"
"?? ??.png","D:\?????? ???? ??\sevennight_guild_web\asset\?? ??\????\????\???(???)\skills"
"???_???.png","D:\?????? ???? ??\sevennight_guild_web\asset\?? ??\????\????\???(???)"
"?? ??.png","D:\?????? ???? ??\sevennight_guild_web\asset\?? ??\????\????\???(???)\skills"
"?. ?. ???.png","D:\?????? ???? ??\sevennight_guild_web\asset\?? ??\????\????\???(???)\skills"
"? ?? ??(???).png","D:\?????? ???? ??\sevennight_guild_web\asset\?? ??\????\????\???(???)\skills"
"??? ?.png","D:\?????? ???? ??\sevennight_guild_web\asset\?? ??\????\????\???(???)\skills"
"???.json","D:\?????? ???? ??\sevennight_guild_web\asset\?? ??\????\????\???(???)\skills"
"???_???.png","D:\?????? ???? ??\sevennight_guild_web\asset\?? ??\????\????\???(???)"
"?? ??.png","D:\?????? ???? ??\sevennight_guild_web\asset\?? ??\????\????\???(???)\skills"
"?? ??.png","D:\?????? ???? ??\sevennight_guild_web\asset\?? ??\????\????\???(???)\skills"
"??.png","D:\?????? ???? ??\sevennight_guild_web\asset\?? ??\????\????\???(???)\skills"
"???.png","D:\?????? ???? ??\sevennight_guild_web\asset\?? ??\????\????\???(???)\skills"
"???.json","D:\?????? ???? ??\sevennight_guild_web\asset\?? ??\????\????\???(???)\skills"
"???_???.png","D:\?????? ???? ??\sevennight_guild_web\asset\?? ??\????\????\???(???)"
"??? ?.png","D:\?????? ???? ??\sevennight_guild_web\asset\?? ??\????\????\???(???)\skills"
"???? ??.png","D:\?????? ???? ??\sevennight_guild_web\asset\?? ??\????\????\???(???)\skills"
"?? ??.png","D:\?????? ???? ??\sevennight_guild_web\asset\?? ??\????\????\???(???)\skills"
"?? ??.png","D:\?????? ???? ??\sevennight_guild_web\asset\?? ??\????\????\???(???)\skills"
"???.json","D:\?????? ???? ??\sevennight_guild_web\asset\?? ??\????\????\???(???)\skills"
